<?xml version="1.0" encoding="UTF-8"?>
<!-- IMPORTANT: This is an internal file that has been generated
     by the Xilinx ISE software.  Any direct editing or
     changes made to this file may result in unpredictable
     behavior or data corruption.  It is strongly advised that
     users do not edit the contents of this file. -->
<DeviceUsageSummary rev="7">
<DesignStatistics TimeStamp="Tue Aug 04 00:25:27 2020"><group name="NetStatistics">
<item name="NumNets_Active" rev="3">
<attrib name="value" value="6648"/></item>
<item name="NumNets_Vcc" rev="3">
<attrib name="value" value="1"/></item>
<item name="NumNodesOfType_Active_BENTQUAD" rev="3">
<attrib name="value" value="2192"/></item>
<item name="NumNodesOfType_Active_BOUNCEACROSS" rev="3">
<attrib name="value" value="876"/></item>
<item name="NumNodesOfType_Active_BOUNCEIN" rev="3">
<attrib name="value" value="880"/></item>
<item name="NumNodesOfType_Active_BUFGROUT" rev="3">
<attrib name="value" value="1"/></item>
<item name="NumNodesOfType_Active_BUFINP2OUT" rev="3">
<attrib name="value" value="9"/></item>
<item name="NumNodesOfType_Active_CLKPIN" rev="3">
<attrib name="value" value="695"/></item>
<item name="NumNodesOfType_Active_DOUBLE" rev="3">
<attrib name="value" value="9377"/></item>
<item name="NumNodesOfType_Active_GENERIC" rev="3">
<attrib name="value" value="105"/></item>
<item name="NumNodesOfType_Active_GLOBAL" rev="3">
<attrib name="value" value="636"/></item>
<item name="NumNodesOfType_Active_HLONG" rev="3">
<attrib name="value" value="80"/></item>
<item name="NumNodesOfType_Active_HQUAD" rev="3">
<attrib name="value" value="1335"/></item>
<item name="NumNodesOfType_Active_INPUT" rev="3">
<attrib name="value" value="5030"/></item>
<item name="NumNodesOfType_Active_IOBIN2OUT" rev="3">
<attrib name="value" value="195"/></item>
<item name="NumNodesOfType_Active_IOBOUTPUT" rev="3">
<attrib name="value" value="195"/></item>
<item name="NumNodesOfType_Active_LUTINPUT" rev="3">
<attrib name="value" value="16662"/></item>
<item name="NumNodesOfType_Active_OUTBOUND" rev="3">
<attrib name="value" value="5633"/></item>
<item name="NumNodesOfType_Active_OUTPUT" rev="3">
<attrib name="value" value="6370"/></item>
<item name="NumNodesOfType_Active_PADINPUT" rev="3">
<attrib name="value" value="96"/></item>
<item name="NumNodesOfType_Active_PADOUTPUT" rev="3">
<attrib name="value" value="99"/></item>
<item name="NumNodesOfType_Active_PINBOUNCE" rev="3">
<attrib name="value" value="5600"/></item>
<item name="NumNodesOfType_Active_PINFEED" rev="3">
<attrib name="value" value="21574"/></item>
<item name="NumNodesOfType_Active_SINGLE" rev="3">
<attrib name="value" value="10679"/></item>
<item name="NumNodesOfType_Active_SLOWSINGLE" rev="3">
<attrib name="value" value="4"/></item>
<item name="NumNodesOfType_Active_VLONG" rev="3">
<attrib name="value" value="91"/></item>
<item name="NumNodesOfType_Active_VLONG12" rev="3">
<attrib name="value" value="89"/></item>
<item name="NumNodesOfType_Active_VQUAD" rev="3">
<attrib name="value" value="1106"/></item>
<item name="NumNodesOfType_Vcc_BENTQUAD" rev="3">
<attrib name="value" value="1"/></item>
<item name="NumNodesOfType_Vcc_BOUNCEIN" rev="3">
<attrib name="value" value="25"/></item>
<item name="NumNodesOfType_Vcc_CLKPIN" rev="3">
<attrib name="value" value="64"/></item>
<item name="NumNodesOfType_Vcc_DOUBLE" rev="3">
<attrib name="value" value="3"/></item>
<item name="NumNodesOfType_Vcc_HVCCGNDOUT" rev="3">
<attrib name="value" value="144"/></item>
<item name="NumNodesOfType_Vcc_LUTINPUT" rev="3">
<attrib name="value" value="394"/></item>
<item name="NumNodesOfType_Vcc_OUTBOUND" rev="3">
<attrib name="value" value="19"/></item>
<item name="NumNodesOfType_Vcc_OUTPUT" rev="3">
<attrib name="value" value="19"/></item>
<item name="NumNodesOfType_Vcc_PINBOUNCE" rev="3">
<attrib name="value" value="25"/></item>
<item name="NumNodesOfType_Vcc_PINFEED" rev="3">
<attrib name="value" value="458"/></item>
<item name="NumNodesOfType_Vcc_SINGLE" rev="3">
<attrib name="value" value="33"/></item>
</group>
<group name="SiteStatistics">
<item name="BUFG-BUFGCTRL" rev="3">
<attrib name="value" value="1"/></item>
<item name="IOB-IOB33" rev="3">
<attrib name="value" value="7"/></item>
<item name="IOB-IOB33M" rev="3">
<attrib name="value" value="94"/></item>
<item name="IOB-IOB33S" rev="3">
<attrib name="value" value="94"/></item>
<item name="SLICEL-SLICEM" rev="3">
<attrib name="value" value="448"/></item>
</group>
<group name="MiscellaneousStatistics">
<item name="AGG_BONDED_IO" rev="7">
<attrib name="value" value="195"/></item>
<item name="AGG_IO" rev="7">
<attrib name="value" value="195"/></item>
<item name="AGG_SLICE" rev="7">
<attrib name="value" value="1326"/></item>
<item name="NUM_BONDED_IOB" rev="7">
<attrib name="value" value="195"/></item>
<item name="NUM_BSFULL" rev="7">
<attrib name="value" value="2820"/></item>
<item name="NUM_BSLUTONLY" rev="7">
<attrib name="value" value="2224"/></item>
<item name="NUM_BSREGONLY" rev="7">
<attrib name="value" value="6"/></item>
<item name="NUM_BSUSED" rev="7">
<attrib name="value" value="5050"/></item>
<item name="NUM_BUFG" rev="7">
<attrib name="value" value="1"/></item>
<item name="NUM_LOGIC_O5ANDO6" rev="7">
<attrib name="value" value="236"/></item>
<item name="NUM_LOGIC_O5ONLY" rev="7">
<attrib name="value" value="94"/></item>
<item name="NUM_LOGIC_O6ONLY" rev="7">
<attrib name="value" value="4707"/></item>
<item name="NUM_LUT_RT_DRIVES_CARRY4" rev="7">
<attrib name="value" value="7"/></item>
<item name="NUM_LUT_RT_EXO6" rev="7">
<attrib name="value" value="6"/></item>
<item name="NUM_LUT_RT_O5" rev="7">
<attrib name="value" value="55"/></item>
<item name="NUM_LUT_RT_O5ANDO6" rev="7">
<attrib name="value" value="1"/></item>
<item name="NUM_LUT_RT_O6" rev="7">
<attrib name="value" value="94"/></item>
<item name="NUM_SLICEL" rev="7">
<attrib name="value" value="1008"/></item>
<item name="NUM_SLICEX" rev="7">
<attrib name="value" value="318"/></item>
<item name="NUM_SLICE_CARRY4" rev="7">
<attrib name="value" value="1008"/></item>
<item name="NUM_SLICE_CONTROLSET" rev="7">
<attrib name="value" value="2"/></item>
<item name="NUM_SLICE_CYINIT" rev="7">
<attrib name="value" value="5504"/></item>
<item name="NUM_SLICE_FF" rev="7">
<attrib name="value" value="2602"/></item>
<item name="NUM_SLICE_LATCHLOGIC" rev="7">
<attrib name="value" value="226"/></item>
<item name="NUM_SLICE_UNUSEDCTRL" rev="7">
<attrib name="value" value="599"/></item>
<item name="NUM_UNUSABLE_FF_BELS" rev="7">
<attrib name="value" value="6"/></item>
</group>
</DesignStatistics>
<ReportConfigData TimeStamp="Mon Aug 03 23:45:39 2020"><group name="REG_INIT">
<item name="CK" rev="3">
<attrib name="CK" value="2694"/><attrib name="CK_INV" value="226"/></item>
<item name="FFINIT" rev="3">
<attrib name="INIT0" value="2920"/></item>
<item name="FFSR" rev="3">
<attrib name="SRLOW" value="2920"/></item>
<item name="LATCH_OR_FF" rev="3">
<attrib name="FF" value="2694"/><attrib name="AND2L" value="226"/></item>
<item name="SYNC_ATTR" rev="3">
<attrib name="ASYNC" value="2920"/></item>
</group>
<group name="SLICEL">
<item name="CLK" rev="3">
<attrib name="CLK" value="694"/><attrib name="CLK_INV" value="64"/></item>
</group>
<group name="IOB_INBUF_EN">
<item name="IBUF_LOW_PWR" rev="3">
<attrib name="TRUE" value="99"/></item>
</group>
<group name="FF_INIT">
<item name="CK" rev="3">
<attrib name="CK" value="3"/><attrib name="CK_INV" value="0"/></item>
<item name="FFINIT" rev="3">
<attrib name="INIT0" value="3"/></item>
<item name="FFSR" rev="3">
<attrib name="SRLOW" value="3"/></item>
<item name="SYNC_ATTR" rev="3">
<attrib name="ASYNC" value="3"/></item>
</group>
</ReportConfigData>
<ReportPinData TimeStamp="Mon Aug 03 23:45:39 2020"><group name="REG_INIT">
<item name="CE" rev="3">
<attrib name="value" value="1122"/></item>
<item name="CK" rev="3">
<attrib name="value" value="2920"/></item>
<item name="D" rev="3">
<attrib name="value" value="2920"/></item>
<item name="Q" rev="3">
<attrib name="value" value="2920"/></item>
<item name="SR" rev="3">
<attrib name="value" value="226"/></item>
</group>
<group name="SLICEL">
<item name="A" rev="3">
<attrib name="value" value="63"/></item>
<item name="A1" rev="3">
<attrib name="value" value="262"/></item>
<item name="A2" rev="3">
<attrib name="value" value="373"/></item>
<item name="A3" rev="3">
<attrib name="value" value="474"/></item>
<item name="A4" rev="3">
<attrib name="value" value="684"/></item>
<item name="A5" rev="3">
<attrib name="value" value="1313"/></item>
<item name="A6" rev="3">
<attrib name="value" value="1337"/></item>
<item name="AMUX" rev="3">
<attrib name="value" value="592"/></item>
<item name="AQ" rev="3">
<attrib name="value" value="734"/></item>
<item name="AX" rev="3">
<attrib name="value" value="1002"/></item>
<item name="B" rev="3">
<attrib name="value" value="44"/></item>
<item name="B1" rev="3">
<attrib name="value" value="240"/></item>
<item name="B2" rev="3">
<attrib name="value" value="351"/></item>
<item name="B3" rev="3">
<attrib name="value" value="419"/></item>
<item name="B4" rev="3">
<attrib name="value" value="654"/></item>
<item name="B5" rev="3">
<attrib name="value" value="1288"/></item>
<item name="B6" rev="3">
<attrib name="value" value="1289"/></item>
<item name="BMUX" rev="3">
<attrib name="value" value="592"/></item>
<item name="BQ" rev="3">
<attrib name="value" value="718"/></item>
<item name="BX" rev="3">
<attrib name="value" value="1011"/></item>
<item name="C" rev="3">
<attrib name="value" value="16"/></item>
<item name="C1" rev="3">
<attrib name="value" value="263"/></item>
<item name="C2" rev="3">
<attrib name="value" value="344"/></item>
<item name="C3" rev="3">
<attrib name="value" value="408"/></item>
<item name="C4" rev="3">
<attrib name="value" value="636"/></item>
<item name="C5" rev="3">
<attrib name="value" value="1253"/></item>
<item name="C6" rev="3">
<attrib name="value" value="1253"/></item>
<item name="CE" rev="3">
<attrib name="value" value="240"/></item>
<item name="CIN" rev="3">
<attrib name="value" value="908"/></item>
<item name="CLK" rev="3">
<attrib name="value" value="758"/></item>
<item name="CMUX" rev="3">
<attrib name="value" value="587"/></item>
<item name="COUT" rev="3">
<attrib name="value" value="908"/></item>
<item name="CQ" rev="3">
<attrib name="value" value="740"/></item>
<item name="CX" rev="3">
<attrib name="value" value="983"/></item>
<item name="D" rev="3">
<attrib name="value" value="41"/></item>
<item name="D1" rev="3">
<attrib name="value" value="246"/></item>
<item name="D2" rev="3">
<attrib name="value" value="348"/></item>
<item name="D3" rev="3">
<attrib name="value" value="414"/></item>
<item name="D4" rev="3">
<attrib name="value" value="641"/></item>
<item name="D5" rev="3">
<attrib name="value" value="1278"/></item>
<item name="D6" rev="3">
<attrib name="value" value="1288"/></item>
<item name="DMUX" rev="3">
<attrib name="value" value="590"/></item>
<item name="DQ" rev="3">
<attrib name="value" value="728"/></item>
<item name="DX" rev="3">
<attrib name="value" value="886"/></item>
</group>
<group name="IOB_OUTBUF">
<item name="IN" rev="3">
<attrib name="value" value="96"/></item>
<item name="OUT" rev="3">
<attrib name="value" value="96"/></item>
</group>
<group name="BUFG_BUFG">
<item name="I0" rev="3">
<attrib name="value" value="1"/></item>
<item name="O" rev="3">
<attrib name="value" value="1"/></item>
</group>
<group name="IOB_INBUF_EN">
<item name="INTERMDISABLE" rev="3">
<attrib name="value" value="99"/></item>
<item name="OUT" rev="3">
<attrib name="value" value="99"/></item>
<item name="PAD" rev="3">
<attrib name="value" value="99"/></item>
</group>
<group name="PAD">
<item name="PAD" rev="3">
<attrib name="value" value="195"/></item>
</group>
<group name="CARRY4">
<item name="CIN" rev="3">
<attrib name="value" value="908"/></item>
<item name="CO3" rev="3">
<attrib name="value" value="910"/></item>
<item name="CYINIT" rev="3">
<attrib name="value" value="132"/></item>
<item name="DI0" rev="3">
<attrib name="value" value="1040"/></item>
<item name="DI1" rev="3">
<attrib name="value" value="1033"/></item>
<item name="DI2" rev="3">
<attrib name="value" value="1004"/></item>
<item name="DI3" rev="3">
<attrib name="value" value="910"/></item>
<item name="O0" rev="3">
<attrib name="value" value="1040"/></item>
<item name="O1" rev="3">
<attrib name="value" value="1040"/></item>
<item name="O2" rev="3">
<attrib name="value" value="1034"/></item>
<item name="O3" rev="3">
<attrib name="value" value="1030"/></item>
<item name="S0" rev="3">
<attrib name="value" value="1040"/></item>
<item name="S1" rev="3">
<attrib name="value" value="1040"/></item>
<item name="S2" rev="3">
<attrib name="value" value="1034"/></item>
<item name="S3" rev="3">
<attrib name="value" value="1030"/></item>
</group>
<group name="LUT5">
<item name="A1" rev="3">
<attrib name="value" value="1"/></item>
<item name="A2" rev="3">
<attrib name="value" value="224"/></item>
<item name="A3" rev="3">
<attrib name="value" value="258"/></item>
<item name="A4" rev="3">
<attrib name="value" value="252"/></item>
<item name="A5" rev="3">
<attrib name="value" value="2"/></item>
<item name="O5" rev="3">
<attrib name="value" value="395"/></item>
</group>
<group name="LUT6">
<item name="A1" rev="3">
<attrib name="value" value="1010"/></item>
<item name="A2" rev="3">
<attrib name="value" value="1413"/></item>
<item name="A3" rev="3">
<attrib name="value" value="1708"/></item>
<item name="A4" rev="3">
<attrib name="value" value="2614"/></item>
<item name="A5" rev="3">
<attrib name="value" value="5130"/></item>
<item name="A6" rev="3">
<attrib name="value" value="5167"/></item>
<item name="O6" rev="3">
<attrib name="value" value="5204"/></item>
</group>
<group name="IOB">
<item name="I" rev="3">
<attrib name="value" value="99"/></item>
<item name="O" rev="3">
<attrib name="value" value="96"/></item>
<item name="PAD" rev="3">
<attrib name="value" value="195"/></item>
</group>
<group name="FF_INIT">
<item name="CK" rev="3">
<attrib name="value" value="3"/></item>
<item name="D" rev="3">
<attrib name="value" value="3"/></item>
<item name="Q" rev="3">
<attrib name="value" value="3"/></item>
</group>
<group name="HARD0">
<item name="0" rev="3">
<attrib name="value" value="209"/></item>
</group>
<group name="HARD1">
<item name="1" rev="3">
<attrib name="value" value="94"/></item>
</group>
<group name="BUFG">
<item name="I0" rev="3">
<attrib name="value" value="1"/></item>
<item name="O" rev="3">
<attrib name="value" value="1"/></item>
</group>
</ReportPinData>
<CmdHistory>
</CmdHistory>
</DeviceUsageSummary>
